{"id":"E90BBCF6-144A-438E-A310-64DCED5302EA","validationEntity":{"analysedDataType":"auto","dataResult":{"createdDate":"2022-12-29T14:14:25Z"}},"modelEntity":{"createdDate":"2022-12-29T14:14:25Z","id":"1D9B1E3C-AB94-44F9-8061-6AB0BA64486B","experimentID":"E90BBCF6-144A-438E-A310-64DCED5302EA","title":"","modifiedDate":"2022-12-29T14:14:25Z","preferredFilename":"","version":"1.0","modelURL":"Models\/BetterRest.mlmodel"},"version":"1.0","settingEntity":{"augmentations":[],"suggestedColumns":["wake","estimatedSleep","coffee","actualSleep"],"targetColumn":"actualSleep","seedType":"default","transferLearningEmbeddingType":"dynamic","handPoseClassifierAugmentations":[],"featureNames":["wake","estimatedSleep","coffee"],"algorithmType":"maxEnt","harVideoAugmentations":0,"taskType":"generalRegresor","suggestedColumnValues":["31,500, 32,400, 26,100, 40,500, 19,800, 27,000, 20,700, 21,600, 41,400, 34,200, 21,600, 78,300, 32,400, 28,800, 18,900, 18,000, 28,800, 18,000, 7,200, 35,100, 24,300, 35,100, 34,200, 27,900, 30,600, 69,300, 35,100, 34,200, 34,200, 23,400","9.00, 5.00, 6.50, 8.75, 6.00, 7.50, 9.25, 6.00, 9.25, 6.75, 5.25, 9.25, 10.00, 8.75, 8.25, 6.25, 10.00, 6.25, 10.00, 9.50, 5.00, 7.50, 6.25, 8.00, 8.00, 6.50, 8.00, 10.00, 8.25, 8.00","6, 2, 10, 4, 3, 1, 1, 3, 5, 8, 3, 8, 2, 3, 1, 2, 3, 2, 1, 4, 2, 1, 1, 4, 3, 7, 4, 4, 1, 3","38,230, 20,180, 31,989, 35,258, 24,487, 28,300, 34,548, 24,557, 37,836, 31,340, 21,874, 40,405, 38,076, 34,265, 30,936, 24,665, 39,007, 24,578, 37,267, 37,878, 20,220, 28,400, 23,882, 32,427, 31,699, 29,670, 32,789, 39,792, 30,935, 31,701"],"handActionClassifierAugmentations":[],"suggestedColumnTypes":["Int","Double","Int","Int"],"styleTransferAlgorithmType":"image","generalRegressorType":{"auto":{}}},"state":"trained","trainingEntity":{"finishTime":"2022-12-29T14:27:47Z","validationResults":{"generalRegressor":{"maximumError":675.81812251948577,"rootMeanSquaredError":170.77331027447246}},"dataURL":"file:\/\/\/Users\/krishmurjani\/Desktop\/Swift\/SwiftUI\/Hacking%20With%20Swift\/Resources%20-%20SwiftUI\/project4-files\/BetterRest.csv","dataResult":{"itemsCount":10000,"createdDate":"2022-12-29T14:14:25Z","dataURL":"file:\/\/\/Users\/krishmurjani\/Desktop\/Swift\/SwiftUI\/Hacking%20With%20Swift\/Resources%20-%20SwiftUI\/project4-files\/BetterRest.csv","columnTypes":["Int","Double","Int","Int"],"columns":["wake","estimatedSleep","coffee","actualSleep"],"dataSourceID":"4B5403F0-C6A4-4BC3-93E3-4D95665A89CC","columnValues":["31,500, 32,400, 26,100, 40,500, 19,800, 27,000, 20,700, 21,600, 41,400, 34,200, 21,600, 78,300, 32,400, 28,800, 18,900, 18,000, 28,800, 18,000, 7,200, 35,100, 24,300, 35,100, 34,200, 27,900, 30,600, 69,300, 35,100, 34,200, 34,200, 23,400","9.00, 5.00, 6.50, 8.75, 6.00, 7.50, 9.25, 6.00, 9.25, 6.75, 5.25, 9.25, 10.00, 8.75, 8.25, 6.25, 10.00, 6.25, 10.00, 9.50, 5.00, 7.50, 6.25, 8.00, 8.00, 6.50, 8.00, 10.00, 8.25, 8.00","6, 2, 10, 4, 3, 1, 1, 3, 5, 8, 3, 8, 2, 3, 1, 2, 3, 2, 1, 4, 2, 1, 1, 4, 3, 7, 4, 4, 1, 3","38,230, 20,180, 31,989, 35,258, 24,487, 28,300, 34,548, 24,557, 37,836, 31,340, 21,874, 40,405, 38,076, 34,265, 30,936, 24,665, 39,007, 24,578, 37,267, 37,878, 20,220, 28,400, 23,882, 32,427, 31,699, 29,670, 32,789, 39,792, 30,935, 31,701"],"targetRange":[19216,45224],"dataAnalysis":{"issues":[{"description":"Data has 10000 rows","severity":"info"}],"regressorAnalysis":{"targetRange":[19216,45224]},"classifierAnalysis":{},"summary":{"sampleCount":10000,"canUseValidation":1}}},"trainingResults":{"generalRegressor":{"maximumError":702.28834090293094,"rootMeanSquaredError":177.34375113311697}},"progress":[],"trainingAccuracy":177.34375113311697,"checkpointMetrics":{},"analysedDataType":"datasource","dataSourceID":"4B5403F0-C6A4-4BC3-93E3-4D95665A89CC","snapshottableCheckpoints":{},"featureExtractionCheckpointMayBeAvailable":false,"validationAccuracy":170.77331027447246,"startTime":"2022-12-29T14:27:45Z"},"createdDate":"2022-12-29T14:14:25Z","evaluationContainerEntity":{"testingEvaluationEntity":{"id":"eb0e98f9-2d8d-4668-beda-235d46c54958","createdDate":"2022-12-29T14:14:25Z","dataResult":{"createdDate":"2022-12-29T14:14:25Z"},"analysedDataType":"none"},"createdDate":"2022-12-29T14:28:13Z","id":"1b9c6c70-c832-4cab-bf6e-b1304e522bcf","trainingEvaluationEntity":{"evaluationResult":{"generalRegressor":{"maximumError":702.28834090293094,"rootMeanSquaredError":177.34375113311697}},"createdDate":"2022-12-29T14:14:25Z","id":"efb4f6ef-91d2-452b-89ea-5f01073c03bb","dataURL":"file:\/\/\/Users\/krishmurjani\/Desktop\/Swift\/SwiftUI\/Hacking%20With%20Swift\/Resources%20-%20SwiftUI\/project4-files\/BetterRest.csv","dataSourceID":"4B5403F0-C6A4-4BC3-93E3-4D95665A89CC","dataResult":{"itemsCount":10000,"createdDate":"2022-12-29T14:14:25Z","targetRange":[19216,45224],"dataURL":"file:\/\/\/Users\/krishmurjani\/Desktop\/Swift\/SwiftUI\/Hacking%20With%20Swift\/Resources%20-%20SwiftUI\/project4-files\/BetterRest.csv","dataSourceID":"4B5403F0-C6A4-4BC3-93E3-4D95665A89CC","dataAnalysis":{"issues":[{"description":"Data has 10000 rows","severity":"info"}],"regressorAnalysis":{"targetRange":[19216,45224]},"classifierAnalysis":{},"summary":{"sampleCount":10000,"canUseValidation":1}}},"analysedDataType":"none"},"previewType":"tabularRegressor","modifiedDate":"2022-12-29T14:28:13Z","validationEvaluationEntity":{"id":"86d16992-8179-4fc0-b711-95ab41f77bde","createdDate":"2022-12-29T14:14:25Z","dataResult":{"createdDate":"2022-12-29T14:14:25Z"},"analysedDataType":"auto","evaluationResult":{"generalRegressor":{"maximumError":675.81812251948577,"rootMeanSquaredError":170.77331027447246}}},"evaluationEntities":[{"id":"d441a12f-cc1f-42ab-b2b1-5ad3075cc418","createdDate":"2022-12-29T14:28:13Z","dataResult":{},"analysedDataType":"none"}]},"activityEntities":["trainingDataAdded",[{"id":"5A3F6000-003C-4876-A8BF-6FE7AA41367B","title":"Training Data Added","createdDate":"2022-12-29T14:16:46Z","event":"trainingDataAdded","subtitle":"BetterRest.csv"}],"trainingStarted",[{"id":"C1FD9225-A616-4458-951E-6B23544EED06","title":"Training Started","createdDate":"2022-12-29T14:27:45Z","event":"trainingStarted","subtitle":"BetterRest"}],"experimentCreated",[{"id":"51779B2E-D18B-4681-8765-181AACE38C3F","title":"Model Source Created","createdDate":"2022-12-29T14:14:25Z","event":"experimentCreated","subtitle":"BetterRest"}],"trainingFinished",[{"id":"DF541C17-CFD4-465F-9FBD-2FCA5393CE8E","title":"Training Completed","createdDate":"2022-12-29T14:27:47Z","event":"trainingFinished","subtitle":"BetterRest"}]],"evaluationState":"uninitialized","title":"BetterRest 1","evaluationEntity":{"id":"6a810153-2b88-467e-bf26-da8ea0401def","analysedDataType":"none","dataResult":{}},"snapshotRole":{"withoutSnapshots":0},"contentDataResult":{"createdDate":"2022-12-29T14:14:25Z"},"modifiedDate":"2022-12-29T14:28:13Z","preferredFilename":"BetterRest"}