{"dataURL":"file:\/\/\/Users\/krishmurjani\/Desktop\/Swift\/SwiftUI\/Hacking%20With%20Swift\/Resources%20-%20SwiftUI\/project4-files\/BetterRest.csv","id":"4B5403F0-C6A4-4BC3-93E3-4D95665A89CC","createdDate":"2022-12-29T14:16:46Z","title":"BetterRest.csv","modifiedDate":"2022-12-29T14:34:08Z","preferredFilename":"BetterRest.csv","version":"1.0","dataResult":{"dataURL":"file:\/\/\/Users\/krishmurjani\/Desktop\/Swift\/SwiftUI\/Hacking%20With%20Swift\/Resources%20-%20SwiftUI\/project4-files\/BetterRest.csv","createdDate":"2022-12-29T14:16:46Z","dataSourceID":"4B5403F0-C6A4-4BC3-93E3-4D95665A89CC"},"activityEntities":["dataSourceMetrics",[{"id":"120A3281-7E02-4267-88FE-F31757C90D29","title":"Data Summary","createdDate":"2022-12-29T14:27:45Z","event":"dataSourceMetrics","subtitle":"10,000 Items"},{"id":"20143D9B-23F8-40A0-AF0B-763CB5E64B94","title":"Data Summary","createdDate":"2022-12-29T14:32:57Z","event":"dataSourceMetrics","subtitle":"10,000 Items"},{"id":"C5CECEF0-9B35-489D-A0F7-2F13D4C9947D","title":"Data Summary","createdDate":"2022-12-29T14:33:14Z","event":"dataSourceMetrics","subtitle":"10,000 Items"},{"id":"58FF546E-9406-4067-9DAE-1B48BE1BCAAB","title":"Data Summary","createdDate":"2022-12-29T14:33:33Z","event":"dataSourceMetrics","subtitle":"10,000 Items"},{"id":"526ABE93-4693-4864-A6F6-A0CA447EFC92","title":"Data Summary","createdDate":"2022-12-29T14:33:45Z","event":"dataSourceMetrics","subtitle":"10,000 Items"}],"dataSourceTrainingStarted",[{"id":"13E4DF00-9041-4239-A81F-8605FAD4F5C6","title":"Used By","createdDate":"2022-12-29T14:27:45Z","event":"dataSourceTrainingStarted","subtitle":"BetterRest"},{"id":"6C3BF9F4-DCF8-4FA9-9E9F-5DD06C8BDB9F","title":"Used By","createdDate":"2022-12-29T14:32:57Z","event":"dataSourceTrainingStarted","subtitle":"BetterRest copy"},{"id":"151CD84C-70E4-41DA-BC85-D9B746C15D9F","title":"Used By","createdDate":"2022-12-29T14:33:14Z","event":"dataSourceTrainingStarted","subtitle":"BetterRest copy 1"},{"id":"3EDB2DFC-59B2-45F2-A498-CBCC225FD88B","title":"Used By","createdDate":"2022-12-29T14:33:33Z","event":"dataSourceTrainingStarted","subtitle":"BetterRest copy 2"},{"id":"7DDED52F-4622-4DEE-8B06-CF824098453A","title":"Used By","createdDate":"2022-12-29T14:33:45Z","event":"dataSourceTrainingStarted","subtitle":"BetterRest copy 3"}]],"pathType":0,"experimentIDs":["E90BBCF6-144A-438E-A310-64DCED5302EA"]}